{"cameraMode":{"drawMode":0,"name":"Shaded","section":"Shading Mode"},"sceneLighting":true,"audioPlay":false,"sceneViewState":{"m_AlwaysRefresh":false,"showFog":true,"showSkybox":true,"showFlares":true,"showImageEffects":true,"showParticleSystems":true,"showVisualEffectGraphs":true,"m_FxEnabled":true},"in2DMode":false,"pivot":{"x":-3.6137752532958986,"y":-0.23294275999069215,"z":-2.6072745323181154},"rotation":{"x":-0.03428575396537781,"y":0.8919898271560669,"z":-0.06864846497774124,"w":-0.44549503922462466},"size":4.8516340255737309,"orthographic":true}